location,title,company
"

SFO

","Senior Ios Developer
","
Prospance Inc.


"
"

SFO, CA

","Technical Manager, Applications, Sr. (8959127)
","
Sumeru Solutions


"
"

SFO, CA

","Mulesoft Architect
","
Saama


"
"

SFO, CA

","Enterprise Solutions Architect
","
3i Infotech, Inc


"
"

SFO, CA

","Mulesoft API  and Salesforce Admin
","
Hermitage Infotech


"
"

SFO CA, CA

","Senior salesforce technical leads
","
Polar IT Services


"
"

SFO, CA

","Product Manager with Utility Domain
","
ApTask


"
"

SFO, CA

","Quality Analyst
","
Blue Ocean Ventures


"
"

SFO, CA

","Mobile Tester
","
Net2Source


"
"

Pittsburgh / SFO, CA, PA

","Lead Performance Engineer
","
IT Trailblazers


"
"

SFO, CA

","Informatica PowerCentre
","
Artech Information Systems LLC


"
"

SFO, CA

","SFMC Technical Consultant
","
PeopleNTech LLC


"
"

SFO, CA

","Salesforce Developer
","
LanceSoft Inc


"
"

SFO,CA or New York,NY, NY

","Quality Engineer with J-Behave and Selenium
","
APAR Technologies


"
"

SFO, CA

","Hadoop Admin
","
Trident Consulting


"
"

SFO, CA

","React and its core principles in SFO
","
AriVik Technologies


"
"

SFO, CA

","Senior Software Engineer/Full stack Developer
","
Adept Solutions


"
"

SFO, CA

","SFDC Lead
","
Sumeru Solutions


"
"

SFO, CA

","Java Systems Analyst / Developer
","
3i Infotech, Inc


"
"

SFO, CA

","IT Infrastructure Engineer in SFO
","
Hermitage Infotech


"
"

SFO, CA

","JavaScript Developers
","
ApTask


"
"

SFO, CA

","Solution Architect
","
Saama


"
"

SFO, CA

","CRS Consulting Partner
","
Blue Ocean Ventures


"
"

SFO, CA

","Automation Test Engineer
","
Net2Source


"
"

SFO, CA

","Tibco Developer
","
Artech Information Systems LLC


"
